"Model","Sample","MAE","RMSE","R²"
"LM","Test",6.43542116218666,8.35872531476509,0.894852423949014
"BRNN","Train",3.57965928868558,4.87108770524536,0.964902572842295
"BRNN","Test",3.50488013448813,4.81234983384651,0.965213215195649
