"Model","Sample","MAE","RMSE","R²"
"LM","Test",6.43542116218665,8.35872531476509,0.894852423949014
"BRNN","Train",3.56443876438594,4.83822650318941,0.965369831733802
"BRNN","Test",3.48963350585457,4.81426637031736,0.965208295370627
"MARS","Train",4.11666100436085,5.60304040019452,0.953518056388966
"MARS","Test",4.14699927052518,5.60284502250564,0.952794690286704
