"Model","Sample","MAE","RMSE","R²"
"LM","Test",6.59363474886606,8.68837261514202,0.898091329867442
"SVMR","Train",3.904254229794,5.36159938822486,0.960323506357257
"SVMR","Test",3.79870974682596,5.22999434151887,0.963075096866332
"BRNN","Train",3.89007754392649,5.27745606216477,0.96153942126671
"BRNN","Test",3.76295086856862,5.12041938428747,0.964591657994063
