"Model","Sample","MAE","RMSE","R²"
"LM","Test",6.43542116218663,8.35872531476509,0.894852423949014
"MARS","Train",4.12618730978552,5.61134128774886,0.953372848661472
"MARS","Test",4.11400731653181,5.57883795595002,0.953195658704244
