"hvac","afn","area","atm","azimuth","boundaries","cop","envelope","lights","shgc","epw","targ"
"split","smart",719.296875,15.257421875,97.734375,"outdoors",3.083203125,"light",17.01421875,0.32084375,35,183.443854213814
"split","smart",579.140625,15.257421875,97.734375,"outdoors",3.083203125,"light",17.01421875,0.32084375,35,185.840905062583
"split","smart",719.296875,6.939453125,97.734375,"outdoors",3.083203125,"light",17.01421875,0.32084375,35,195.556805663997
"split","smart",719.296875,15.257421875,131.371875,"outdoors",3.083203125,"light",17.01421875,0.32084375,35,183.251009852552
