{
    "S1": [
        0.12034979728301566,
        0.007785327070193076,
        0.06748993457854505,
        0.0554430484161275,
        -0.000781037805363649,
        0.019757849771335757,
        0.09861121666477393,
        0.023749411454527844,
        0.3709826445015243,
        4.4676134037050655e-05,
        0.13605608120092214
    ],
    "S1_conf": [
        0.047870237204480415,
        0.013577681127754888,
        0.03344099624545153,
        0.026766904297639303,
        0.003564151201125536,
        0.02310967960315348,
        0.04264558474093661,
        0.021795893910477714,
        0.06768142377579547,
        0.004112334502490652,
        0.04536511626258887
    ],
    "ST": [
        0.1483809523235907,
        0.00920177489852975,
        0.07443270968092601,
        0.04961546011140768,
        0.0007266209767840866,
        0.044118882711409325,
        0.10269995409688386,
        0.03854506508822986,
        0.3602730867034747,
        0.0006953170668253108,
        0.19012712476518687
    ],
    "ST_conf": [
        0.023395555568533937,
        0.0018301691770500755,
        0.01224990389208796,
        0.007779883956478517,
        0.0001716957308857221,
        0.010714101608535144,
        0.020385111020568624,
        0.009202131876320751,
        0.04699663206680119,
        0.00016213388674546624,
        0.027035147828852607
    ],
    "S2": [
        [
            NaN,
            0.00042182672295361986,
            0.0034843116769190524,
            0.001194738747638091,
            0.00245720799050525,
            -0.0027841456448138326,
            0.018811341378815363,
            0.002528531071712664,
            0.0010250396203851375,
            0.0010036002676381156,
            0.019983753119296038
        ],
        [
            NaN,
            NaN,
            5.4470618239377266e-05,
            -4.399244610941294e-05,
            -0.0006060078380941519,
            -0.0018495285688896572,
            -0.0017114505908077393,
            -0.0007930127116711275,
            -0.001293088829546929,
            -0.000358658418897259,
            -0.004755420753153883
        ],
        [
            NaN,
            NaN,
            NaN,
            0.004249467622000749,
            0.007247792779184373,
            0.012810409444904868,
            -0.0018551653563573245,
            0.00396758078465298,
            0.009275715690332587,
            0.008065751827650973,
            0.010649550830178295
        ],
        [
            NaN,
            NaN,
            NaN,
            NaN,
            -0.0027734950712094836,
            -0.001533439083560146,
            -0.005694190639756361,
            -0.0007846417509485143,
            -0.004754229810893795,
            -0.0020629055614932077,
            -0.0054455468355421865
        ],
        [
            NaN,
            NaN,
            NaN,
            NaN,
            NaN,
            -9.223290656176775e-05,
            -0.0009326632364922427,
            -0.000241271108240175,
            2.4741339326672662e-05,
            -0.0005420740996911677,
            0.00025183311701107436
        ],
        [
            NaN,
            NaN,
            NaN,
            NaN,
            NaN,
            NaN,
            0.012994443688861004,
            0.02677511280977335,
            0.004106341805066027,
            0.014254173913427285,
            0.0069669375825224256
        ],
        [
            NaN,
            NaN,
            NaN,
            NaN,
            NaN,
            NaN,
            NaN,
            -0.017189563642591194,
            -0.018391632889159015,
            -0.018669489653748397,
            -0.009073687228893956
        ],
        [
            NaN,
            NaN,
            NaN,
            NaN,
            NaN,
            NaN,
            NaN,
            NaN,
            -0.009949536401604397,
            -0.008544040823026228,
            -0.017165367503100368
        ],
        [
            NaN,
            NaN,
            NaN,
            NaN,
            NaN,
            NaN,
            NaN,
            NaN,
            NaN,
            -0.00818971594671322,
            -0.009576298843197412
        ],
        [
            NaN,
            NaN,
            NaN,
            NaN,
            NaN,
            NaN,
            NaN,
            NaN,
            NaN,
            NaN,
            3.4722756678262634e-06
        ],
        [
            NaN,
            NaN,
            NaN,
            NaN,
            NaN,
            NaN,
            NaN,
            NaN,
            NaN,
            NaN,
            NaN
        ]
    ],
    "S2_conf": [
        [
            NaN,
            0.08194302888979689,
            0.07704721233390348,
            0.08115813526004119,
            0.0796066694506284,
            0.0772133118872056,
            0.08529493360738659,
            0.08169840866235066,
            0.08747473535153155,
            0.07980520785810168,
            0.08188940783738811
        ],
        [
            NaN,
            NaN,
            0.018035682756088342,
            0.018194999796050434,
            0.018299266247567433,
            0.01793347535660506,
            0.019084705410484102,
            0.017764991762309484,
            0.021642011176577068,
            0.01833357681296881,
            0.019852956203782766
        ],
        [
            NaN,
            NaN,
            NaN,
            0.04628108306280369,
            0.045348143786873074,
            0.04573835471880818,
            0.04926740702698543,
            0.045563412711201005,
            0.055006874306544704,
            0.046054661754450325,
            0.04903262183140229
        ],
        [
            NaN,
            NaN,
            NaN,
            NaN,
            0.036440649271465016,
            0.03666711877975881,
            0.03900408559164509,
            0.03795655148029921,
            0.04122009766224481,
            0.0365745312509508,
            0.03896653280406201
        ],
        [
            NaN,
            NaN,
            NaN,
            NaN,
            NaN,
            0.004490751281146993,
            0.005262985025762467,
            0.004944225075739872,
            0.004820931032658314,
            0.004751615299963511,
            0.004392475321230303
        ],
        [
            NaN,
            NaN,
            NaN,
            NaN,
            NaN,
            NaN,
            0.04226814015568351,
            0.04104092950004723,
            0.042109521797603466,
            0.04069340716342478,
            0.040112899391055334
        ],
        [
            NaN,
            NaN,
            NaN,
            NaN,
            NaN,
            NaN,
            NaN,
            0.05342450915438007,
            0.0628399624994942,
            0.05337493197782433,
            0.05907212170957946
        ],
        [
            NaN,
            NaN,
            NaN,
            NaN,
            NaN,
            NaN,
            NaN,
            NaN,
            0.03357449212982749,
            0.034610922711474534,
            0.0331629216868433
        ],
        [
            NaN,
            NaN,
            NaN,
            NaN,
            NaN,
            NaN,
            NaN,
            NaN,
            NaN,
            0.09450519542645398,
            0.10178383114929102
        ],
        [
            NaN,
            NaN,
            NaN,
            NaN,
            NaN,
            NaN,
            NaN,
            NaN,
            NaN,
            NaN,
            0.005649475029274402
        ],
        [
            NaN,
            NaN,
            NaN,
            NaN,
            NaN,
            NaN,
            NaN,
            NaN,
            NaN,
            NaN,
            NaN
        ]
    ]
}