{
    "S1": [
        0.1194249885475617,
        0.00815684898298145,
        0.07078777527754107,
        0.043407000389219234,
        -4.646730083668663e-05,
        0.019774900980420715,
        0.06514767839656876,
        0.019143224567899252,
        0.3347174549167687,
        3.7787777946259857e-05,
        0.2851213896192701
    ],
    "S1_conf": [
        0.050711244439479226,
        0.012759769327236528,
        0.03877475183420196,
        0.029716441567693416,
        0.002696590842120959,
        0.024129476613452463,
        0.04105151108676817,
        0.02237818086181705,
        0.07126901573493433,
        0.003029982784468419,
        0.06657079416350441
    ],
    "ST": [
        0.14601177911139546,
        0.009786600413177166,
        0.07185527835863657,
        0.045456864230558953,
        0.0005962769243179893,
        0.05077240267414275,
        0.09705370472141585,
        0.03467284342327661,
        0.3266552545058698,
        0.0006293866564637237,
        0.26730950227870537
    ],
    "ST_conf": [
        0.022989299310350066,
        0.002003731738048182,
        0.012524639027371113,
        0.007780100316030098,
        0.0001371539648142076,
        0.013258631751825043,
        0.018889537998833944,
        0.006786785013307767,
        0.04398382662151751,
        0.00018832269748191935,
        0.0370497569766635
    ],
    "S2": [
        [
            NaN,
            0.017659053365608572,
            0.015611297355103998,
            0.01615586603990688,
            0.016529591798609054,
            0.02284595213322095,
            0.01578757170371084,
            0.016295409708030607,
            0.013221252001008266,
            0.01507408029268302,
            0.008917754902013242
        ],
        [
            NaN,
            NaN,
            0.002942863327291087,
            0.0023724268070172624,
            0.003227162634630281,
            0.0032699007975822703,
            -0.002255940679551885,
            0.003047925691929184,
            0.0012174540130951428,
            0.003228259891702215,
            0.002198072658286254
        ],
        [
            NaN,
            NaN,
            NaN,
            0.0003368120557393564,
            0.004354089647519325,
            0.006057005191740558,
            0.0004271437441866477,
            0.005164194543731255,
            0.0029070818839009305,
            0.0042574487309083595,
            -0.0039419693277102374
        ],
        [
            NaN,
            NaN,
            NaN,
            NaN,
            -0.003597581918871915,
            -0.0016157984898176256,
            -0.0032259409486064886,
            -0.002804484507275041,
            -0.005004375210803769,
            -0.003640210356116724,
            0.007211003731108334
        ],
        [
            NaN,
            NaN,
            NaN,
            NaN,
            NaN,
            0.0012799631025979287,
            0.0011912498683317035,
            0.0017690654424143415,
            0.00258312046408532,
            0.001552604053547746,
            0.0011276363895860175
        ],
        [
            NaN,
            NaN,
            NaN,
            NaN,
            NaN,
            NaN,
            0.006239510095179007,
            0.01737433770407339,
            -0.002139803260383877,
            0.003963634339418498,
            -0.006078846422934769
        ],
        [
            NaN,
            NaN,
            NaN,
            NaN,
            NaN,
            NaN,
            NaN,
            0.052813829376679236,
            0.04483394502672866,
            0.05043135509637993,
            0.04076147540423014
        ],
        [
            NaN,
            NaN,
            NaN,
            NaN,
            NaN,
            NaN,
            NaN,
            NaN,
            -0.005207060098229355,
            -0.0029921918356686085,
            -0.0045868081068895505
        ],
        [
            NaN,
            NaN,
            NaN,
            NaN,
            NaN,
            NaN,
            NaN,
            NaN,
            NaN,
            -0.024449346131840285,
            -0.004095830938777301
        ],
        [
            NaN,
            NaN,
            NaN,
            NaN,
            NaN,
            NaN,
            NaN,
            NaN,
            NaN,
            NaN,
            0.000894704294263915
        ],
        [
            NaN,
            NaN,
            NaN,
            NaN,
            NaN,
            NaN,
            NaN,
            NaN,
            NaN,
            NaN,
            NaN
        ]
    ],
    "S2_conf": [
        [
            NaN,
            0.07061406228771284,
            0.07134501925144483,
            0.0710430257742047,
            0.07083662120165282,
            0.07217234058371981,
            0.07266774499883935,
            0.0723477291806559,
            0.08157529410605308,
            0.07008423396805265,
            0.08466203590916356
        ],
        [
            NaN,
            NaN,
            0.020644865240332662,
            0.0193282286186169,
            0.020148001552595905,
            0.01997800302099852,
            0.020412220068081487,
            0.020843108087275724,
            0.022241413778101737,
            0.020143405694360714,
            0.020856861376446212
        ],
        [
            NaN,
            NaN,
            NaN,
            0.04891541823279433,
            0.048284412369511524,
            0.04656522691262823,
            0.05135588759833988,
            0.049237998516866735,
            0.05684276031143561,
            0.04833655851848387,
            0.056046092854474185
        ],
        [
            NaN,
            NaN,
            NaN,
            NaN,
            0.0413411277348315,
            0.041042055788989354,
            0.0419541714858466,
            0.04303694592153415,
            0.04487551965977703,
            0.04137080391138712,
            0.052606096561735566
        ],
        [
            NaN,
            NaN,
            NaN,
            NaN,
            NaN,
            0.0040879583795222,
            0.004812305966357352,
            0.004309165581264668,
            0.004480284161969689,
            0.00434607259014033,
            0.003990226924306862
        ],
        [
            NaN,
            NaN,
            NaN,
            NaN,
            NaN,
            NaN,
            0.0371635575084491,
            0.03847435808242904,
            0.04000600990708025,
            0.037948563683243106,
            0.040671912993799304
        ],
        [
            NaN,
            NaN,
            NaN,
            NaN,
            NaN,
            NaN,
            NaN,
            0.05487522425557347,
            0.06125819012749524,
            0.05436929304514756,
            0.06004200583557922
        ],
        [
            NaN,
            NaN,
            NaN,
            NaN,
            NaN,
            NaN,
            NaN,
            NaN,
            0.03604113927228692,
            0.030828230317782635,
            0.03761880462036704
        ],
        [
            NaN,
            NaN,
            NaN,
            NaN,
            NaN,
            NaN,
            NaN,
            NaN,
            NaN,
            0.1060717365052927,
            0.1184434302116921
        ],
        [
            NaN,
            NaN,
            NaN,
            NaN,
            NaN,
            NaN,
            NaN,
            NaN,
            NaN,
            NaN,
            0.004793629629341972
        ],
        [
            NaN,
            NaN,
            NaN,
            NaN,
            NaN,
            NaN,
            NaN,
            NaN,
            NaN,
            NaN,
            NaN
        ]
    ]
}