{
    "S1": [
        0.11904412152181199,
        0.005914988664400264,
        0.07445634551214128,
        0.04623646528044069,
        -0.0003234134742681984,
        0.019385447245165558,
        0.08085806825273179,
        0.016225445151384403,
        0.32686281844728565,
        0.00029476765471637414,
        0.24026820808959873
    ],
    "S1_conf": [
        0.019783228728997564,
        0.005800071256954279,
        0.016326319230952843,
        0.015139783273381717,
        0.0014183405129041908,
        0.014091644526127715,
        0.01910357930659339,
        0.01208419758439165,
        0.033744049477700835,
        0.0014423510038841865,
        0.030137006576484805
    ],
    "ST": [
        0.13854320267650652,
        0.01004942224475682,
        0.07683519659661282,
        0.04634576339253196,
        0.000585278562944298,
        0.05114901910982958,
        0.09712882081740791,
        0.03853907971249355,
        0.32701704209475635,
        0.0006040005676063081,
        0.26238663809950025
    ],
    "ST_conf": [
        0.008996298386824706,
        0.0008633216029063938,
        0.007264529318745214,
        0.0037882390260340526,
        9.033044343125298e-05,
        0.005979874367961287,
        0.008222557257439428,
        0.004474339355702807,
        0.023665316368652156,
        5.5958862802536165e-05,
        0.018642993102923774
    ],
    "S2": [
        [
            NaN,
            0.01617964356112792,
            0.013252989237059948,
            0.013027884744321691,
            0.015348332875900397,
            0.021456330982053736,
            0.011781992281166054,
            0.014947514747788083,
            0.014574712528875988,
            0.014457329241421532,
            0.013671445482411254
        ],
        [
            NaN,
            NaN,
            0.0020449793155146584,
            0.0018529832824084394,
            0.0019062417253708696,
            0.0023039767959243986,
            0.0011884742692992029,
            0.0023801861249547647,
            0.0020605941762307234,
            0.002051269303480478,
            0.0025797177563351426
        ],
        [
            NaN,
            NaN,
            NaN,
            -0.00287903823199899,
            -0.0017138902204880306,
            -0.0012364980266252774,
            -0.003997128324789517,
            0.0004155597425961263,
            -0.0016704796689688828,
            -0.0016836239545429759,
            -2.388606872433252e-05
        ],
        [
            NaN,
            NaN,
            NaN,
            NaN,
            -0.002681887292245469,
            -0.0005499048175952072,
            -0.0039642740728878245,
            -0.0025953070530788658,
            -0.0024149550677168286,
            -0.002578873255198727,
            0.0005841786362813794
        ],
        [
            NaN,
            NaN,
            NaN,
            NaN,
            NaN,
            0.0002946189714555618,
            0.00035706465067007753,
            0.0005279747722583931,
            0.0007074390022072663,
            0.0004534514903304685,
            0.0009737380988443234
        ],
        [
            NaN,
            NaN,
            NaN,
            NaN,
            NaN,
            NaN,
            0.004361198682678452,
            0.017263725747799795,
            0.00021481659375477413,
            0.003886834491775163,
            0.005536896531773222
        ],
        [
            NaN,
            NaN,
            NaN,
            NaN,
            NaN,
            NaN,
            NaN,
            0.009350943764535428,
            0.008262101427603585,
            0.008556705470086889,
            0.021666306646687755
        ],
        [
            NaN,
            NaN,
            NaN,
            NaN,
            NaN,
            NaN,
            NaN,
            NaN,
            0.003846225466085429,
            0.001619624780776071,
            0.0037875372632706072
        ],
        [
            NaN,
            NaN,
            NaN,
            NaN,
            NaN,
            NaN,
            NaN,
            NaN,
            NaN,
            -0.0011290604752536375,
            0.0005311591383085068
        ],
        [
            NaN,
            NaN,
            NaN,
            NaN,
            NaN,
            NaN,
            NaN,
            NaN,
            NaN,
            NaN,
            -1.6868475160247698e-05
        ],
        [
            NaN,
            NaN,
            NaN,
            NaN,
            NaN,
            NaN,
            NaN,
            NaN,
            NaN,
            NaN,
            NaN
        ]
    ],
    "S2_conf": [
        [
            NaN,
            0.032551627624454973,
            0.03223555683685607,
            0.032137707619268464,
            0.03163141592848824,
            0.03269134083219329,
            0.03405290874968948,
            0.03159413686095892,
            0.03521867737902558,
            0.03163210642266599,
            0.03378015293117933
        ],
        [
            NaN,
            NaN,
            0.00951315949077633,
            0.008741387730325774,
            0.008692809507900105,
            0.008996586157524187,
            0.00934186281827929,
            0.008573639296176107,
            0.008928701770266785,
            0.008697419369913577,
            0.009804147039598875
        ],
        [
            NaN,
            NaN,
            NaN,
            0.024878005147844485,
            0.024323310588189456,
            0.02404025497867771,
            0.023827006323520156,
            0.02476078323643009,
            0.027398560246217323,
            0.024352968107319274,
            0.029749052490094765
        ],
        [
            NaN,
            NaN,
            NaN,
            NaN,
            0.01965573143582844,
            0.020188997645933106,
            0.020884033297720324,
            0.020192824066639414,
            0.021710926867286793,
            0.019648844690622946,
            0.0237251963998728
        ],
        [
            NaN,
            NaN,
            NaN,
            NaN,
            NaN,
            0.001951395856470879,
            0.0021660606155110146,
            0.001994701368585596,
            0.00209071474177707,
            0.002023561187814128,
            0.0020734092075599554
        ],
        [
            NaN,
            NaN,
            NaN,
            NaN,
            NaN,
            NaN,
            0.019445078719289688,
            0.01879570096312416,
            0.019428491828086314,
            0.01894047660629698,
            0.02081885465774101
        ],
        [
            NaN,
            NaN,
            NaN,
            NaN,
            NaN,
            NaN,
            NaN,
            0.02975207942612864,
            0.034085516436321045,
            0.03004774667694922,
            0.032381646831474646
        ],
        [
            NaN,
            NaN,
            NaN,
            NaN,
            NaN,
            NaN,
            NaN,
            NaN,
            0.018287065868287496,
            0.017725861762680085,
            0.018463423864528036
        ],
        [
            NaN,
            NaN,
            NaN,
            NaN,
            NaN,
            NaN,
            NaN,
            NaN,
            NaN,
            0.04225209437615022,
            0.04713885211679571
        ],
        [
            NaN,
            NaN,
            NaN,
            NaN,
            NaN,
            NaN,
            NaN,
            NaN,
            NaN,
            NaN,
            0.0024235334621157036
        ],
        [
            NaN,
            NaN,
            NaN,
            NaN,
            NaN,
            NaN,
            NaN,
            NaN,
            NaN,
            NaN,
            NaN
        ]
    ]
}