{
    "S1": [
        0.217894443907884,
        0.0009229886932236017,
        0.07816035964355379,
        0.036892037034326544,
        0.0014983862671929936,
        0.02897623375427038,
        0.044574104332568115,
        0.015023509137370428,
        0.29241635526457926,
        -0.0010109090335449085,
        0.21395386740684602
    ],
    "S1_conf": [
        0.06474708235438931,
        0.01430310132401791,
        0.04008800561339495,
        0.02276018163133035,
        0.0027794538528619285,
        0.040172104040134424,
        0.029196353695678096,
        0.02354945602309379,
        0.06572592416157824,
        0.003616640676140033,
        0.07031835630064093
    ],
    "ST": [
        0.28384010246709,
        0.016382154188439087,
        0.09163740277648508,
        0.04019622725486868,
        0.00048558077066949447,
        0.09172694413151533,
        0.05900008847499889,
        0.029809416481837197,
        0.28480127571036457,
        0.0005565180712094799,
        0.3153180403589463
    ],
    "ST_conf": [
        0.05576532197252263,
        0.00448640980866205,
        0.019110455549897116,
        0.006703748636730707,
        9.790312207302618e-05,
        0.02849611073590167,
        0.011116823336196431,
        0.008839353906264457,
        0.0429798902444848,
        0.00015706476739207688,
        0.053397850585876684
    ],
    "S2": [
        [
            NaN,
            -0.042432534261088506,
            -0.03830015112468964,
            -0.04242057548245341,
            -0.043077085250477695,
            -0.028981136978081377,
            -0.06047414564892209,
            -0.04171117529801123,
            -0.04838713629200972,
            -0.04312481164884864,
            0.012459210940472226
        ],
        [
            NaN,
            NaN,
            0.010239857733914129,
            0.007248206184091409,
            0.0066578773841954415,
            0.008696169665420049,
            0.00297383973044317,
            0.006490780631812354,
            0.005615778542316485,
            0.00721279189190612,
            0.006148080086789881
        ],
        [
            NaN,
            NaN,
            NaN,
            0.007307983781166066,
            0.013066815170022325,
            0.01790797337288929,
            0.004449781329294036,
            0.014580497575759268,
            0.01189064211221863,
            0.011718816206466117,
            0.00024909725946342665
        ],
        [
            NaN,
            NaN,
            NaN,
            NaN,
            -0.0015040436528062633,
            0.0004060722646840112,
            0.0001493933887071336,
            6.051119340138439e-06,
            -0.002657766821626828,
            -0.001347492368855964,
            0.008074557527310622
        ],
        [
            NaN,
            NaN,
            NaN,
            NaN,
            NaN,
            -0.0011707564671811707,
            -0.0010723139757804756,
            -0.0018424864989228414,
            -0.0009015480526797237,
            -0.0016514993683119298,
            -0.0010636438612700305
        ],
        [
            NaN,
            NaN,
            NaN,
            NaN,
            NaN,
            NaN,
            0.002683105910759688,
            0.012365802823086549,
            -0.016119002261138715,
            0.0031387897348414662,
            0.023743928397361447
        ],
        [
            NaN,
            NaN,
            NaN,
            NaN,
            NaN,
            NaN,
            NaN,
            0.02284744586134926,
            0.015191707569586044,
            0.02237640587833835,
            0.02447862326717601
        ],
        [
            NaN,
            NaN,
            NaN,
            NaN,
            NaN,
            NaN,
            NaN,
            NaN,
            -0.004255879880568525,
            -0.0008362127717788958,
            0.0020504461374361294
        ],
        [
            NaN,
            NaN,
            NaN,
            NaN,
            NaN,
            NaN,
            NaN,
            NaN,
            NaN,
            -0.022249747418821006,
            -0.0014092654285708939
        ],
        [
            NaN,
            NaN,
            NaN,
            NaN,
            NaN,
            NaN,
            NaN,
            NaN,
            NaN,
            NaN,
            0.0021572612121057155
        ],
        [
            NaN,
            NaN,
            NaN,
            NaN,
            NaN,
            NaN,
            NaN,
            NaN,
            NaN,
            NaN,
            NaN
        ]
    ],
    "S2_conf": [
        [
            NaN,
            0.08916344255926946,
            0.0942106850282667,
            0.08941117290688198,
            0.08810102031651276,
            0.08777760536071305,
            0.0945495224759803,
            0.08818983141816891,
            0.0775523162437562,
            0.08808023883437273,
            0.11216378474972669
        ],
        [
            NaN,
            NaN,
            0.02068611745671629,
            0.01870893440958748,
            0.01821441351373696,
            0.020155323670329843,
            0.018968110285421842,
            0.018113905959275013,
            0.018856559263716044,
            0.018262953539606278,
            0.02168785782400143
        ],
        [
            NaN,
            NaN,
            NaN,
            0.06712906638799583,
            0.06801634926932745,
            0.06984222998635317,
            0.0720232707946062,
            0.06752721985784801,
            0.06689997920021526,
            0.067685342271372,
            0.06963866253902153
        ],
        [
            NaN,
            NaN,
            NaN,
            NaN,
            0.03278074416867808,
            0.03469048383051842,
            0.03382172226669095,
            0.033031539740761236,
            0.03680476871281763,
            0.03245268417482413,
            0.036094205234131434
        ],
        [
            NaN,
            NaN,
            NaN,
            NaN,
            NaN,
            0.00380358084246655,
            0.0038357138283629743,
            0.003899076115805934,
            0.003953306602720633,
            0.0037967803070772946,
            0.004072639224598949
        ],
        [
            NaN,
            NaN,
            NaN,
            NaN,
            NaN,
            NaN,
            0.05975620724548733,
            0.05792091598488326,
            0.05674350518272551,
            0.05647837753230203,
            0.06462861027468068
        ],
        [
            NaN,
            NaN,
            NaN,
            NaN,
            NaN,
            NaN,
            NaN,
            0.04839470946944457,
            0.050178819724373526,
            0.04622405536600778,
            0.05253748463414561
        ],
        [
            NaN,
            NaN,
            NaN,
            NaN,
            NaN,
            NaN,
            NaN,
            NaN,
            0.03613587604865035,
            0.031575482496020504,
            0.039389598544609654
        ],
        [
            NaN,
            NaN,
            NaN,
            NaN,
            NaN,
            NaN,
            NaN,
            NaN,
            NaN,
            0.10406138715275542,
            0.11978625865261072
        ],
        [
            NaN,
            NaN,
            NaN,
            NaN,
            NaN,
            NaN,
            NaN,
            NaN,
            NaN,
            NaN,
            0.004641014546904331
        ],
        [
            NaN,
            NaN,
            NaN,
            NaN,
            NaN,
            NaN,
            NaN,
            NaN,
            NaN,
            NaN,
            NaN
        ]
    ]
}