{
    "num_vars": 11,
    "names": [
        "hvac",
        "afn",
        "area",
        "atm",
        "azimuth",
        "boundaries",
        "cop",
        "envelope",
        "lights",
        "shgc",
        "dbt"
    ],
    "bounds": [
        [
            1.0,
            3.0
        ],
        [
            1.0,
            5.0
        ],
        [
            180.0,
            1220.0
        ],
        [
            4.7,
            20.3
        ],
        [
            -7.2,
            367.2
        ],
        [
            1.0,
            3.0
        ],
        [
            2.94,
            6.06
        ],
        [
            1.0,
            3.0
        ],
        [
            9.72,
            24.28
        ],
        [
            0.292,
            0.708
        ],
        [
            10.48588,
            28.58812
        ]
    ]
}
